{
    "cirq": {
        "cirq_followup": {
            "exception": null,
            "result": {
                "00": 105,
                "01": 80,
                "11": 161
            },
            "time_taken": "4.541292 ms"
        },
        "cirq_source": {
            "exception": null,
            "result": {
                "00": 97,
                "01": 92,
                "11": 157
            },
            "time_taken": "4.121875 ms"
        },
        "config": {
            "inject_params": {
                "p_7814e8": 5.320621737498446
            },
            "relations": [
                "InjectParameters"
            ]
        },
        "source_followup_divergence": {
            "p-value": 0.9999878276083077,
            "statistic": 0.023121387283236993
        }
    },
    "prog_id": "1ed00779ee494903ac35fc26a21728c9",
    "pyquil": {
        "config": {
            "inject_params": {
                "p_7814e8": 5.320621737498446
            },
            "relations": [
                "InjectParameters"
            ]
        },
        "pyquil_followup": {
            "exception": null,
            "result": {
                "00": 83,
                "01": 79,
                "11": 184
            },
            "time_taken": "294.558125 ms"
        },
        "pyquil_source": {
            "exception": null,
            "result": {
                "00": 114,
                "01": 81,
                "11": 151
            },
            "time_taken": "306.195416 ms"
        },
        "source_followup_divergence": {
            "p-value": 0.08590175891466281,
            "statistic": 0.0953757225433526
        }
    },
    "qiskit": {
        "qiskit_followup": {
            "exception": null,
            "result": {
                "00": 106,
                "01": 63,
                "11": 177
            },
            "time_taken": "15.982625 ms"
        },
        "qiskit_source": {
            "exception": null,
            "result": {
                "00": 98,
                "01": 81,
                "11": 167
            },
            "time_taken": "16.034584 ms"
        },
        "source_followup_divergence": {
            "p-value": 0.9987517849671945,
            "statistic": 0.028901734104046242
        }
    }
}