{
    "cirq": {
        "cirq_followup": {
            "exception": null,
            "result": {
                "00": 51,
                "01": 122,
                "10": 59,
                "11": 114
            },
            "time_taken": "7.331541 ms"
        },
        "cirq_source": {
            "exception": null,
            "result": {
                "00": 43,
                "01": 109,
                "10": 58,
                "11": 136
            },
            "time_taken": "4.035458 ms"
        },
        "config": {
            "relations": [
                "InjectNullEffect"
            ]
        },
        "source_followup_divergence": {
            "p-value": 0.48692623828983117,
            "statistic": 0.06358381502890173
        }
    },
    "prog_id": "ab49da5730bf4988a8473602fcb0fa28",
    "pyquil": {
        "config": {
            "relations": [
                "InjectNullEffect"
            ]
        },
        "pyquil_followup": {
            "exception": null,
            "result": {
                "00": 59,
                "01": 116,
                "10": 49,
                "11": 122
            },
            "time_taken": "300.6765 ms"
        },
        "pyquil_source": {
            "exception": null,
            "result": {
                "00": 49,
                "01": 120,
                "10": 54,
                "11": 123
            },
            "time_taken": "228.980833 ms"
        },
        "source_followup_divergence": {
            "p-value": 0.9987517849671945,
            "statistic": 0.028901734104046242
        }
    },
    "qiskit": {
        "qiskit_followup": {
            "exception": null,
            "result": {
                "00": 65,
                "01": 121,
                "10": 41,
                "11": 119
            },
            "time_taken": "24.871958 ms"
        },
        "qiskit_source": {
            "exception": null,
            "result": {
                "00": 49,
                "01": 126,
                "10": 39,
                "11": 132
            },
            "time_taken": "15.9575 ms"
        },
        "source_followup_divergence": {
            "p-value": 0.8539364652860598,
            "statistic": 0.046242774566473986
        }
    }
}