{
    "cirq": {
        "cirq_followup": {
            "exception": null,
            "result": {
                "00": 101,
                "01": 98,
                "10": 84,
                "11": 63
            },
            "time_taken": "5.727958 ms"
        },
        "cirq_source": {
            "exception": null,
            "result": {
                "00": 125,
                "01": 84,
                "10": 74,
                "11": 63
            },
            "time_taken": "4.487583 ms"
        },
        "config": {
            "inject_params": {
                "p_445472": 6.163759533339787,
                "p_893583": 5.987304452123941,
                "p_99b2af": 1.6723037552953224
            },
            "qubit_order": {
                "0": 1,
                "1": 0
            },
            "relations": [
                "InjectParameters",
                "ChangeQubitOrder"
            ]
        },
        "source_followup_divergence": {
            "p-value": 0.37635130932309535,
            "statistic": 0.06936416184971098
        }
    },
    "prog_id": "67170d5f779d498da902980a2fa04131",
    "pyquil": {
        "config": {
            "inject_params": {
                "p_445472": 6.163759533339787,
                "p_893583": 5.987304452123941,
                "p_99b2af": 1.6723037552953224
            },
            "qubit_order": {
                "0": 1,
                "1": 0
            },
            "relations": [
                "InjectParameters",
                "ChangeQubitOrder"
            ]
        },
        "pyquil_followup": {
            "exception": "Unhandled error in host program:\nCondition CL-QUIL::COMPILER-DOES-NOT-APPLY was signalled.",
            "result": null,
            "time_taken": null
        },
        "pyquil_source": {
            "exception": null,
            "result": {
                "00": 108,
                "01": 116,
                "10": 68,
                "11": 54
            },
            "time_taken": "306.702083 ms"
        },
        "source_followup_divergence": null
    },
    "qiskit": {
        "qiskit_followup": {
            "exception": null,
            "result": {
                "00": 95,
                "01": 110,
                "10": 78,
                "11": 63
            },
            "result_original": {
                "00": 95,
                "01": 78,
                "10": 110,
                "11": 63
            },
            "time_taken": "23.78875 ms"
        },
        "qiskit_source": {
            "exception": null,
            "result": {
                "00": 117,
                "01": 96,
                "10": 73,
                "11": 60
            },
            "time_taken": "24.306208 ms"
        },
        "source_followup_divergence": {
            "p-value": 0.48692623828983117,
            "statistic": 0.06358381502890173
        }
    }
}