{
    "cirq": {
        "cirq_followup": {
            "exception": null,
            "result": {
                "00": 3,
                "01": 169,
                "10": 96,
                "11": 78
            },
            "time_taken": "5.425875 ms"
        },
        "cirq_source": {
            "exception": null,
            "result": {
                "00": 1,
                "01": 174,
                "10": 94,
                "11": 77
            },
            "time_taken": "4.291458 ms"
        },
        "config": {
            "inject_params": {
                "p_080b1a": 5.320621737498446,
                "p_4da120": 1.6723037552953224,
                "p_59c694": 5.987304452123941,
                "p_63b789": 2.2498881927557752,
                "p_6db7be": 6.086884486572108,
                "p_bfc32f": 1.977559237989846,
                "p_d86b30": 6.163759533339787,
                "p_fdfc00": 5.512260524440591
            },
            "qubit_order": {
                "0": 0,
                "1": 1
            },
            "relations": [
                "InjectParameters",
                "InjectNullEffect",
                "ChangeQubitOrder"
            ]
        },
        "source_followup_divergence": {
            "p-value": 1.0,
            "statistic": 0.008670520231213872
        }
    },
    "prog_id": "c2c1b819d3e0436283cc90475c5bb65a",
    "pyquil": {
        "config": {
            "inject_params": {
                "p_080b1a": 5.320621737498446,
                "p_4da120": 1.6723037552953224,
                "p_59c694": 5.987304452123941,
                "p_63b789": 2.2498881927557752,
                "p_6db7be": 6.086884486572108,
                "p_bfc32f": 1.977559237989846,
                "p_d86b30": 6.163759533339787,
                "p_fdfc00": 5.512260524440591
            },
            "qubit_order": {
                "0": 0,
                "1": 1
            },
            "relations": [
                "InjectParameters",
                "InjectNullEffect",
                "ChangeQubitOrder"
            ]
        },
        "pyquil_followup": {
            "exception": "Unhandled error in host program:\nCondition CL-QUIL::COMPILER-DOES-NOT-APPLY was signalled.",
            "result": null,
            "time_taken": null
        },
        "pyquil_source": {
            "exception": null,
            "result": {
                "00": 2,
                "01": 180,
                "10": 88,
                "11": 76
            },
            "time_taken": "261.630875 ms"
        },
        "source_followup_divergence": null
    },
    "qiskit": {
        "qiskit_followup": {
            "exception": null,
            "result": {
                "00": 1,
                "01": 185,
                "10": 75,
                "11": 85
            },
            "result_original": {
                "00": 1,
                "01": 185,
                "10": 75,
                "11": 85
            },
            "time_taken": "20.682834 ms"
        },
        "qiskit_source": {
            "exception": null,
            "result": {
                "00": 3,
                "01": 184,
                "10": 66,
                "11": 93
            },
            "time_taken": "20.541 ms"
        },
        "source_followup_divergence": {
            "p-value": 0.9999878276083077,
            "statistic": 0.023121387283236993
        }
    }
}