{
    "cirq": {
        "cirq_followup": {
            "exception": null,
            "result": {
                "01": 173,
                "10": 106,
                "11": 67
            },
            "time_taken": "5.491042 ms"
        },
        "cirq_source": {
            "exception": null,
            "result": {
                "01": 168,
                "10": 101,
                "11": 77
            },
            "time_taken": "4.176292 ms"
        },
        "config": {
            "inject_params": {
                "p_0404e8": 1.977559237989846,
                "p_36ff61": 6.086884486572108,
                "p_669081": 2.2498881927557752,
                "p_6c0341": 5.512260524440591,
                "p_7a4196": 5.987304452123941,
                "p_92c9c5": 5.320621737498446,
                "p_c06d9c": 6.163759533339787
            },
            "relations": [
                "InjectParameters",
                "ChangeTargetBasis",
                "ChangeTargetBasis",
                "ChangeTargetBasis"
            ]
        },
        "source_followup_divergence": {
            "p-value": 0.9987517849671945,
            "statistic": 0.028901734104046242
        }
    },
    "prog_id": "219e11c5178f48c1857c9ed35d4d7929",
    "pyquil": {
        "config": {
            "inject_params": {
                "p_0404e8": 1.977559237989846,
                "p_36ff61": 6.086884486572108,
                "p_669081": 2.2498881927557752,
                "p_6c0341": 5.512260524440591,
                "p_7a4196": 5.987304452123941,
                "p_92c9c5": 5.320621737498446,
                "p_c06d9c": 6.163759533339787
            },
            "relations": [
                "InjectParameters",
                "ChangeTargetBasis",
                "ChangeTargetBasis",
                "ChangeTargetBasis"
            ]
        },
        "pyquil_followup": {
            "exception": "Unhandled error in host program:\nCondition CL-QUIL::COMPILER-DOES-NOT-APPLY was signalled.",
            "result": null,
            "time_taken": null
        },
        "pyquil_source": {
            "exception": null,
            "result": {
                "01": 163,
                "10": 99,
                "11": 84
            },
            "time_taken": "263.193875 ms"
        },
        "source_followup_divergence": null
    },
    "qiskit": {
        "qiskit_followup": {
            "exception": null,
            "result": {
                "01": 180,
                "10": 87,
                "11": 79
            },
            "time_taken": "33.386084 ms"
        },
        "qiskit_source": {
            "exception": null,
            "result": {
                "01": 163,
                "10": 108,
                "11": 75
            },
            "time_taken": "18.758666 ms"
        },
        "source_followup_divergence": {
            "p-value": 0.7985843866692599,
            "statistic": 0.049132947976878616
        }
    }
}