{
    "cirq": {
        "cirq_followup": {
            "exception": null,
            "result": {
                "00": 48,
                "01": 117,
                "10": 48,
                "11": 133
            },
            "time_taken": "2.471875 ms"
        },
        "cirq_source": {
            "exception": null,
            "result": {
                "00": 59,
                "01": 126,
                "10": 37,
                "11": 124
            },
            "time_taken": "2.544208 ms"
        },
        "config": {
            "relations": [
                "ChangeTargetBasis"
            ]
        },
        "source_followup_divergence": {
            "p-value": 0.6105965272849897,
            "statistic": 0.057803468208092484
        }
    },
    "prog_id": "13a6dd1c7cd540f69658c83345688db6",
    "pyquil": {
        "config": {
            "relations": [
                "ChangeTargetBasis"
            ]
        },
        "pyquil_followup": {
            "exception": null,
            "result": {
                "00": 45,
                "01": 134,
                "10": 51,
                "11": 116
            },
            "time_taken": "198.901625 ms"
        },
        "pyquil_source": {
            "exception": null,
            "result": {
                "00": 39,
                "01": 127,
                "10": 57,
                "11": 123
            },
            "time_taken": "212.85725 ms"
        },
        "source_followup_divergence": {
            "p-value": 0.9679288733867641,
            "statistic": 0.03757225433526012
        }
    },
    "qiskit": {
        "qiskit_followup": {
            "exception": null,
            "result": {
                "00": 48,
                "01": 116,
                "10": 52,
                "11": 130
            },
            "time_taken": "19.36325 ms"
        },
        "qiskit_source": {
            "exception": null,
            "result": {
                "00": 48,
                "01": 115,
                "10": 44,
                "11": 139
            },
            "time_taken": "10.933292 ms"
        },
        "source_followup_divergence": {
            "p-value": 0.9998162332319306,
            "statistic": 0.02601156069364162
        }
    },
    "unitary": {
        "cirq_unitary": {
            "exception": null,
            "result": {
                "00": 62,
                "01": 111,
                "10": 66,
                "11": 107
            },
            "time_taken": "3.959375 ms"
        },
        "pyquil_unitary": {
            "exception": "RZZ",
            "result": null,
            "time_taken": null
        },
        "qiskit_unitary": {
            "exception": null,
            "result": {
                "00": 60,
                "01": 112,
                "10": 45,
                "11": 129
            },
            "time_taken": "24.775791 ms"
        },
        "unitary": false
    }
}