{
    "cirq": {
        "cirq_followup": {
            "exception": null,
            "result": {
                "00": 109,
                "01": 90,
                "10": 86,
                "11": 61
            },
            "time_taken": "6.024708 ms"
        },
        "cirq_source": {
            "exception": null,
            "result": {
                "00": 110,
                "01": 87,
                "10": 91,
                "11": 58
            },
            "time_taken": "4.891667 ms"
        },
        "config": {
            "inject_params": {
                "p_2747c6": 6.163759533339787,
                "p_344604": 5.987304452123941,
                "p_547429": 1.977559237989846,
                "p_791f18": 5.190931186022931,
                "p_d52445": 5.167261531657622,
                "p_e58f03": 1.6723037552953224
            },
            "relations": [
                "InjectParameters",
                "AddUnusedRegister"
            ],
            "unused_registers": true
        },
        "source_followup_divergence": {
            "p-value": 1.0,
            "statistic": 0.008670520231213872
        }
    },
    "prog_id": "1f033b486e894b04a87d0ab01a0bb40d",
    "pyquil": {
        "config": {
            "inject_params": {
                "p_2747c6": 6.163759533339787,
                "p_344604": 5.987304452123941,
                "p_547429": 1.977559237989846,
                "p_791f18": 5.190931186022931,
                "p_d52445": 5.167261531657622,
                "p_e58f03": 1.6723037552953224
            },
            "relations": [
                "InjectParameters",
                "AddUnusedRegister"
            ],
            "unused_registers": true
        },
        "pyquil_followup": {
            "exception": "Unhandled error in host program:\nCondition CL-QUIL::COMPILER-DOES-NOT-APPLY was signalled.",
            "result": null,
            "time_taken": null
        },
        "pyquil_source": {
            "exception": null,
            "result": {
                "00": 110,
                "01": 93,
                "10": 85,
                "11": 58
            },
            "time_taken": "310.76225 ms"
        },
        "source_followup_divergence": null
    },
    "qiskit": {
        "qiskit_followup": {
            "exception": null,
            "result": {
                "00": 124,
                "01": 100,
                "10": 66,
                "11": 56
            },
            "time_taken": "24.900833 ms"
        },
        "qiskit_source": {
            "exception": null,
            "result": {
                "00": 105,
                "01": 99,
                "10": 66,
                "11": 76
            },
            "time_taken": "24.348667 ms"
        },
        "source_followup_divergence": {
            "p-value": 0.6105965272849897,
            "statistic": 0.057803468208092484
        }
    }
}