{
    "cirq": {
        "cirq_followup": {
            "exception": null,
            "result": {
                "00": 37,
                "01": 23,
                "10": 83,
                "11": 203
            },
            "time_taken": "4.770375 ms"
        },
        "cirq_source": {
            "exception": null,
            "result": {
                "00": 44,
                "01": 27,
                "10": 83,
                "11": 192
            },
            "time_taken": "5.192375 ms"
        },
        "config": {
            "relations": [
                "ChangeTargetBasis"
            ]
        },
        "source_followup_divergence": {
            "p-value": 0.9949504516701309,
            "statistic": 0.031791907514450865
        }
    },
    "prog_id": "85ca8b8897d847799673cf71d39df4d1",
    "pyquil": {
        "config": {
            "relations": [
                "ChangeTargetBasis"
            ]
        },
        "pyquil_followup": {
            "exception": null,
            "result": {
                "00": 41,
                "01": 27,
                "10": 102,
                "11": 176
            },
            "time_taken": "354.211875 ms"
        },
        "pyquil_source": {
            "exception": null,
            "result": {
                "00": 41,
                "01": 31,
                "10": 92,
                "11": 182
            },
            "time_taken": "336.358958 ms"
        },
        "source_followup_divergence": {
            "p-value": 0.9999999995809722,
            "statistic": 0.017341040462427744
        }
    },
    "qiskit": {
        "qiskit_followup": {
            "exception": null,
            "result": {
                "00": 39,
                "01": 21,
                "10": 94,
                "11": 192
            },
            "time_taken": "51.864834 ms"
        },
        "qiskit_source": {
            "exception": null,
            "result": {
                "00": 40,
                "01": 31,
                "10": 76,
                "11": 199
            },
            "time_taken": "25.062291 ms"
        },
        "source_followup_divergence": {
            "p-value": 0.9949504516701309,
            "statistic": 0.031791907514450865
        }
    }
}