{
    "cirq": {
        "cirq_followup": {
            "exception": null,
            "result": {
                "00": 90,
                "01": 76,
                "11": 180
            },
            "time_taken": "4.298042 ms"
        },
        "cirq_source": {
            "exception": null,
            "result": {
                "00": 100,
                "01": 69,
                "11": 177
            },
            "time_taken": "3.712791 ms"
        },
        "config": {
            "inject_params": {
                "p_64ae37": 6.163759533339787,
                "p_a4b6c0": 1.977559237989846,
                "p_e820f6": 5.987304452123941
            },
            "relations": [
                "InjectParameters"
            ]
        },
        "source_followup_divergence": {
            "p-value": 0.9987517849671945,
            "statistic": 0.028901734104046242
        }
    },
    "prog_id": "45bdd037b81249809d4cd736fcafda85",
    "pyquil": {
        "config": {
            "inject_params": {
                "p_64ae37": 6.163759533339787,
                "p_a4b6c0": 1.977559237989846,
                "p_e820f6": 5.987304452123941
            },
            "relations": [
                "InjectParameters"
            ]
        },
        "pyquil_followup": {
            "exception": "Unhandled error in host program:\nCondition CL-QUIL::COMPILER-DOES-NOT-APPLY was signalled.",
            "result": null,
            "time_taken": null
        },
        "pyquil_source": {
            "exception": null,
            "result": {
                "00": 102,
                "01": 82,
                "11": 162
            },
            "time_taken": "251.679916 ms"
        },
        "source_followup_divergence": null
    },
    "qiskit": {
        "qiskit_followup": {
            "exception": null,
            "result": {
                "00": 111,
                "01": 73,
                "11": 162
            },
            "time_taken": "16.430375 ms"
        },
        "qiskit_source": {
            "exception": null,
            "result": {
                "00": 90,
                "01": 81,
                "11": 175
            },
            "time_taken": "16.608667 ms"
        },
        "source_followup_divergence": {
            "p-value": 0.5475654578814508,
            "statistic": 0.06069364161849711
        }
    }
}