{
    "cirq": {
        "cirq_followup": {
            "exception": null,
            "result": {
                "00": 110,
                "01": 106,
                "10": 122,
                "11": 8
            },
            "time_taken": "37.538667 ms"
        },
        "cirq_qasm_qiskit": {
            "exception": null,
            "result": {
                "00": 79,
                "01": 122,
                "10": 143,
                "11": 2
            },
            "time_taken": "77.310125 ms"
        },
        "cirq_source": {
            "exception": null,
            "result": {
                "00": 75,
                "01": 101,
                "10": 165,
                "11": 5
            },
            "time_taken": "3.540667 ms"
        },
        "config": {
            "backend": "DensityMatrixSimulator",
            "cirq_qasm_qiskit": true,
            "inject_params": {
                "p_1bf9a6": 3.3705408413231095,
                "p_34c784": 5.987304452123941,
                "p_3b8ed5": 6.086884486572108,
                "p_53e66c": 1.977559237989846,
                "p_6b5eeb": 5.320621737498446,
                "p_71ceaf": 1.6723037552953224,
                "p_c550ed": 5.512260524440591,
                "p_dc073a": 2.2498881927557752
            },
            "relations": [
                "InjectParameters",
                "InjectParameters",
                "ChangeBackend",
                "ToQasmAndBack"
            ]
        },
        "followup_cirq_qasm_qiskit_divergence": {
            "p-value": 0.12440142650387499,
            "statistic": 0.08959537572254335
        },
        "source_cirq_qasm_qiskit_divergence": {
            "p-value": 0.3274099694939142,
            "statistic": 0.07225433526011561
        },
        "source_followup_divergence": {
            "p-value": 0.019550271618133212,
            "statistic": 0.11560693641618497
        }
    },
    "prog_id": "0b01e90e6fd74cdeb393cc5bef8904cc",
    "pyquil": {
        "config": {
            "backend": "DensityMatrixSimulator",
            "inject_params": {
                "p_1bf9a6": 3.3705408413231095,
                "p_34c784": 5.987304452123941,
                "p_3b8ed5": 6.086884486572108,
                "p_53e66c": 1.977559237989846,
                "p_6b5eeb": 5.320621737498446,
                "p_71ceaf": 1.6723037552953224,
                "p_c550ed": 5.512260524440591,
                "p_dc073a": 2.2498881927557752
            },
            "qasm_roundtrip": true,
            "relations": [
                "InjectParameters",
                "InjectParameters",
                "ChangeBackend",
                "ToQasmAndBack"
            ]
        },
        "pyquil_followup": {
            "exception": "Unhandled error in host program:\nCondition CL-QUIL::COMPILER-DOES-NOT-APPLY was signalled.",
            "result": null,
            "time_taken": null
        },
        "pyquil_source": {
            "exception": null,
            "result": {
                "00": 64,
                "01": 136,
                "10": 140,
                "11": 6
            },
            "time_taken": "369.999041 ms"
        },
        "source_followup_divergence": null
    },
    "qiskit": {
        "qasm3_followup_divergence": null,
        "qasm3_roundtrip": {
            "exception": null,
            "result": {
                "00": 89,
                "01": 98,
                "10": 153,
                "11": 6
            },
            "time_taken": "45.697125 ms"
        },
        "qasm3_source_divergence": {
            "p-value": 0.7985843866692599,
            "statistic": 0.049132947976878616
        },
        "qiskit_followup": {
            "exception": "Duplicate declaration for gate 'rzx' at line 4, file .\\nPrevious occurrence at line 3, file ",
            "result": null,
            "time_taken": null
        },
        "qiskit_source": {
            "exception": null,
            "result": {
                "00": 72,
                "01": 114,
                "10": 156,
                "11": 4
            },
            "time_taken": "16.028083 ms"
        },
        "qpy_followup_divergence": null,
        "qpy_roundtrip": {
            "exception": null,
            "result": {
                "00": 78,
                "01": 112,
                "10": 149,
                "11": 7
            },
            "time_taken": "43.0645 ms"
        },
        "qpy_source_divergence": {
            "p-value": 0.9999999995809722,
            "statistic": 0.017341040462427744
        },
        "source_followup_divergence": null
    }
}